# SOURCE: HelioFITS issue #9: https://www.sidc.be/proba-3/color-tables (ASPIICS ne; 256 rows, float 0-1 at the source)
# DECODED: from the base64 entry in HelioFITSCore/Sources/HelioFITSCore/FITSColormaps.swift at 3353e7c; values are the bytes the app uses
# NOTE: ASPIICS colours are not confirmed until Nawin verifies them (projects/heliofits.md:66)
r,g,b
0,0,0
3,1,3
6,2,5
9,2,8
12,3,11
15,4,13
18,5,15
20,5,17
22,6,19
25,6,21
27,7,23
29,7,25
31,7,26
33,7,28
35,7,30
38,6,32
40,6,34
42,5,36
44,5,37
46,4,39
48,4,40
50,4,42
51,4,43
53,3,44
54,3,46
56,3,47
57,3,48
59,2,50
60,2,51
62,2,52
64,1,54
65,1,55
67,1,57
68,0,58
70,0,59
71,0,61
73,0,62
74,0,64
76,0,65
77,0,67
79,0,68
81,0,69
82,0,71
84,0,72
85,0,74
87,0,75
88,0,77
90,0,78
91,0,80
93,0,81
94,0,83
96,0,84
97,0,85
99,0,87
100,0,88
102,0,90
103,0,91
105,0,93
106,0,94
107,0,96
109,0,97
110,0,99
112,0,100
113,0,102
115,0,103
116,0,105
118,0,106
119,0,108
120,0,109
122,0,111
123,0,112
125,0,114
126,0,115
128,0,116
129,0,118
130,0,119
132,0,121
133,0,122
135,0,124
136,0,125
137,0,127
139,0,128
140,0,130
141,0,131
143,0,133
144,1,134
145,2,136
147,3,137
148,5,139
149,6,140
151,7,142
152,8,143
153,10,144
155,11,146
156,13,147
157,14,149
159,16,150
160,17,152
161,18,153
162,20,155
164,21,156
165,22,157
166,23,159
167,25,160
169,26,162
170,27,163
171,28,164
172,30,166
174,31,167
175,32,169
176,34,170
177,35,171
178,36,173
180,37,174
181,39,176
182,40,177
183,41,178
184,42,180
185,44,181
187,45,182
188,46,184
189,47,185
190,49,186
191,50,188
192,51,189
193,53,190
194,54,191
195,55,193
196,57,194
198,58,195
199,59,197
200,61,198
201,62,199
202,63,200
203,64,202
204,66,203
205,67,204
206,69,205
207,70,206
208,71,208
209,73,209
210,74,210
211,75,211
212,77,212
213,78,213
214,79,215
215,81,216
215,82,217
216,84,218
217,85,219
218,86,220
219,88,221
220,89,222
221,91,223
222,92,224
222,94,225
223,95,226
224,97,227
225,98,228
226,99,229
227,101,230
227,102,231
228,104,232
229,105,233
230,107,234
230,108,235
231,110,236
232,111,237
233,113,238
233,114,239
234,116,240
235,117,240
235,119,241
236,120,242
237,122,243
237,123,244
238,125,244
239,126,245
239,128,246
240,129,247
241,131,247
241,133,248
242,134,249
242,136,250
243,137,250
243,139,251
244,140,251
244,142,252
245,144,253
245,145,253
246,147,253
247,148,253
247,150,254
248,152,254
248,153,254
249,155,254
249,157,254
249,158,255
250,160,255
250,162,255
251,163,255
251,165,255
252,166,255
252,168,255
252,170,255
253,171,255
253,173,255
253,175,255
254,176,255
254,178,255
254,180,255
255,181,255
255,183,255
255,185,255
255,186,255
255,188,255
255,190,255
255,191,255
255,193,255
255,195,255
255,196,255
255,198,255
255,200,255
255,201,255
255,203,255
255,205,255
255,206,255
255,208,255
255,210,255
255,212,255
255,213,255
255,215,255
255,217,255
255,218,255
255,220,255
255,222,255
255,223,255
255,225,255
255,227,255
255,228,255
255,230,255
255,232,255
255,233,255
255,235,255
255,237,255
255,238,255
255,240,255
255,242,255
255,243,255
255,245,255
255,247,255
255,248,255
255,250,255
255,252,255
255,253,255
255,255,255
